Tarih;Konya - Merkez/Trafik;;;;
;PM10 ( - );CO ( - );NO2 ( - );NOX ( - );O3 ( - )
30.04.2021 16:00;18,83;66,63;13,64;17,77;97,54
30.04.2021 17:00;18,44;41,63;17,54;22,65;90,61
30.04.2021 18:00;13,7;55,55;20,57;26,11;87,15
30.04.2021 19:00;11,07;68,34;21,55;26,18;84,25
30.04.2021 20:00;9,13;113,27;20,36;23,47;83,48
30.04.2021 21:00;10,02;110,35;17,69;19,47;78,51
30.04.2021 22:00;8,99;173,68;36,16;38,65;57,86
30.04.2021 23:00;6,74;150,59;27,62;29,01;62,18
1.05.2021 00:00;7,48;110,82;26,5;29,29;62,27
1.05.2021 01:00;11,23;250,43;39,05;44,13;43,1
1.05.2021 02:00;10,89;186,04;27,22;29,23;57,07
1.05.2021 03:00;8,3;165,29;21,07;23,07;68,34
1.05.2021 04:00;10,25;178,19;27,64;30,75;61,72
1.05.2021 05:00;12,64;129,05;19,67;25,41;74,02
1.05.2021 06:00;10,98;252,32;20,56;22,16;59,21
1.05.2021 07:00;10,78;363,45;55,67;68,21;25,01
1.05.2021 08:00;18,25;425,53;66,98;93,61;28,95
1.05.2021 09:00;34,24;307,65;41,16;54,97;64,35
1.05.2021 10:00;33,01;224,99;22,12;27,61;94,99
1.05.2021 11:00;33,13;186,77;26,48;33,23;89,49
1.05.2021 12:00;35,85;162,57;18,27;25,09;94,64
1.05.2021 13:00;36,08;151,25;13,77;17,62;98,99
1.05.2021 14:00;29,59;169,46;13,38;17,75;96,48
1.05.2021 15:00;23,15;167,65;16,24;21,84;95,47
1.05.2021 16:00;23,79;134,51;15,47;20,78;91,57
1.05.2021 17:00;25,73;110,2;13,35;16,76;90,72
1.05.2021 18:00;21,31;118,32;13,76;17,02;89,9
1.05.2021 19:00;15,02;150,2;20,72;24,53;83,81
1.05.2021 20:00;16,19;204,13;27,01;29,66;69,18
1.05.2021 21:00;18,37;153,7;20,05;21,19;66,23
1.05.2021 22:00;15,39;153,08;19,5;20,39;61,43
1.05.2021 23:00;12,51;177,7;52,21;60,77;44,36
2.05.2021 00:00;18,85;527,01;91,34;119,69;9,74
2.05.2021 01:00;26,92;392,04;80,14;105,63;10,97
2.05.2021 02:00;24,09;242,28;46,81;54,29;31,06
2.05.2021 03:00;20,38;133,52;23,64;25,71;54,53
2.05.2021 04:00;21,79;88,02;12,49;14,26;68,35
2.05.2021 05:00;24,28;101,72;17,71;19,46;60,49
2.05.2021 06:00;20,52;152,26;24,04;28,6;47,86
2.05.2021 07:00;15,02;181,85;24,5;27,81;47,88
2.05.2021 08:00;12,61;69,16;12,82;15,99;72,93
2.05.2021 09:00;20,07;93,23;10,35;12,66;83,06
2.05.2021 10:00;20,33;139,65;10,93;16,13;87,68
2.05.2021 11:00;20;136,81;5,96;7,42;99,37
2.05.2021 12:00;23,45;172,26;9,03;11,12;98,3
2.05.2021 13:00;28,49;175,82;7,88;9,72;100,79
2.05.2021 14:00;25,59;190,57;8,02;10,4;97,06
2.05.2021 15:00;19,92;175,73;8,89;13,55;93,92
2.05.2021 16:00;21,19;127,37;8,77;11,4;91,7
2.05.2021 17:00;27,15;134,99;9,13;12,16;85,63
2.05.2021 18:00;24,34;139,82;10,87;13,13;72,51
2.05.2021 19:00;18,76;128,23;14,28;17,23;69,51
2.05.2021 20:00;18,48;191,92;19,2;21,49;61,99
2.05.2021 21:00;21,46;225,43;20,62;24,61;59,5
2.05.2021 22:00;19,04;203,6;19,9;23,46;59,31
2.05.2021 23:00;16,08;153,62;17,43;19,52;56,92
3.05.2021 00:00;17,84;161,52;21,62;23,88;51,97
3.05.2021 01:00;22,64;78,41;15,05;17,75;63,95
3.05.2021 02:00;20,38;34,11;9,79;11,95;70,1
3.05.2021 03:00;19,69;53,06;10,99;12;66,15
3.05.2021 04:00;21,34;31,66;10,34;11,59;70,63
3.05.2021 05:00;27,38;-;6,79;7,81;73,55
3.05.2021 06:00;25,44;93,59;26,94;30,29;46,54
3.05.2021 07:00;25,47;172,52;47,89;62,02;23,92
3.05.2021 08:00;36,88;496,15;90,37;151,54;15,54
3.05.2021 09:00;49,21;272,59;57,44;85,8;37,57
3.05.2021 10:00;49,88;210,21;32,36;44,74;59,4
3.05.2021 11:00;48,22;238,24;28,91;41,3;66,81
3.05.2021 12:00;55,42;208,14;27,57;37,95;74,7
3.05.2021 13:00;59,02;212,99;25,42;33,74;84,55
3.05.2021 14:00;58,2;236,12;27,93;37,47;91,96
3.05.2021 15:00;61,58;147,85;14,03;19,74;81,98
3.05.2021 16:00;57,67;110,48;13,78;19,48;81,23
3.05.2021 17:00;54,65;88,2;17,25;23,29;84,48
3.05.2021 18:00;43,25;98,91;20,72;27,04;80,66
3.05.2021 19:00;38,37;95,91;24,4;30,07;72,63
3.05.2021 20:00;37,78;102,69;24,46;28,26;65,37
3.05.2021 21:00;35,52;77,3;19,64;21,62;62,74
3.05.2021 22:00;31,88;61,72;17,02;19,74;72,83
3.05.2021 23:00;33,43;27,4;9,63;10,91;79,21
4.05.2021 00:00;35;47,72;16,68;19,73;76,3
4.05.2021 01:00;35,43;61,07;19,25;21,19;67,28
4.05.2021 02:00;30,4;71,58;16,85;18,97;64,2
4.05.2021 03:00;29,17;68,69;16,01;17,67;60,5
4.05.2021 04:00;33,8;47,62;10,46;11,83;70,44
4.05.2021 05:00;40,68;60,96;14;17,61;70,59
4.05.2021 06:00;38,19;105,36;23,58;26,18;58,77
4.05.2021 07:00;40,96;120;23,11;27,17;59,24
4.05.2021 08:00;47,07;174,44;36,02;42;48,69
4.05.2021 09:00;48,57;183,2;31,3;41,02;53,01
4.05.2021 10:00;46,87;173,57;23,68;31,79;71,04
4.05.2021 11:00;50,4;201,13;21,77;30,69;89,17
4.05.2021 12:00;52,99;230,19;21,69;27,27;98,39
4.05.2021 13:00;55,09;227,75;28,69;35,76;102,01
4.05.2021 14:00;47,69;243,93;22,33;28,9;99,84
4.05.2021 15:00;44,79;266,06;27,71;38,09;92,17
4.05.2021 16:00;48,26;256,16;22,33;28,38;101,17
4.05.2021 17:00;48,95;269,51;23,35;30,21;93,92
4.05.2021 18:00;43,24;275,21;25,39;31,25;90,7
4.05.2021 19:00;38,69;280,84;28,38;35,4;85,92
4.05.2021 20:00;39,47;214,66;19,59;23,32;89,48
4.05.2021 21:00;33,77;131,91;10,63;11,75;90,55
4.05.2021 22:00;24,58;140,46;11,55;13,79;84,13
4.05.2021 23:00;19,51;145,45;12,38;14,29;80
5.05.2021 00:00;21,01;119,42;12,34;14,02;78,46
5.05.2021 01:00;18,44;111,12;17,82;20,46;70,27
5.05.2021 02:00;13,09;113,08;23,94;27,69;55,64
5.05.2021 03:00;9,69;83,92;14,02;16,44;66,32
5.05.2021 04:00;9,51;68,77;11,69;14,02;67,52
5.05.2021 05:00;12,1;55,36;11,49;13,18;64,99
5.05.2021 06:00;10,98;63,05;12,9;14,62;58,62
5.05.2021 07:00;8,04;82,09;18,54;22,55;54,06
5.05.2021 08:00;9,93;148,57;27,29;38,48;48,61
5.05.2021 09:00;17,75;241,78;36,03;53,74;46,91
5.05.2021 10:00;17,56;252,46;33,28;46,67;56,9
5.05.2021 11:00;14,47;205,22;22,68;31,22;79,32
5.05.2021 12:00;21;190,51;16,73;23,25;88,86
5.05.2021 13:00;25,6;182,49;14,2;19,48;96,52
5.05.2021 14:00;21,32;192,41;14,1;19,22;101,56
5.05.2021 15:00;16,89;208,35;16,81;23,82;105,06
5.05.2021 16:00;20,1;223,45;16,64;22,55;106,67
5.05.2021 17:00;24,44;223,05;20,9;27,93;103,15
5.05.2021 18:00;20,72;214,46;19,02;22,77;102,71
5.05.2021 19:00;14,78;254,75;29,38;35,87;87,57
5.05.2021 20:00;15,48;287,72;41,18;49,82;65,78
5.05.2021 21:00;18,44;210,92;35,13;38,49;62,29
5.05.2021 22:00;18,92;220,78;31,03;34,46;64,74
5.05.2021 23:00;22,83;308,17;39,85;43,02;46,76
6.05.2021 00:00;29,51;321,21;54,92;62,43;29,17
6.05.2021 01:00;30,93;148,11;24,04;27,13;69,06
6.05.2021 02:00;24,53;50,65;11,06;12,7;88,67
6.05.2021 03:00;17,17;55,88;16,04;18,22;77,11
6.05.2021 04:00;12,02;57,2;19,18;22,16;72,25
6.05.2021 05:00;8,73;-;13,87;15,29;76,92
6.05.2021 06:00;6,36;-;21,25;24,15;65,55
6.05.2021 07:00;10,53;174,65;39,36;46,57;37,87
6.05.2021 08:00;19,2;286,76;65,62;82,86;22,17
6.05.2021 09:00;27,67;317,22;72,05;94,38;29,17
6.05.2021 10:00;27,07;295,22;62,13;79,23;47,47
6.05.2021 11:00;27,92;187,16;51,91;67,36;63,26
6.05.2021 12:00;35,13;127,79;30,62;39,96;83,33
6.05.2021 13:00;44;102,06;25,02;33,89;93,81
6.05.2021 14:00;38,42;161,36;34,31;42,26;88,22
6.05.2021 15:00;35,4;146,08;27,99;34,07;95,79
6.05.2021 16:00;34,55;126,57;22,17;27,06;96,85
6.05.2021 17:00;34,98;151,15;23,14;29,36;88,4
6.05.2021 18:00;29,16;163,77;23,81;31,09;87,78
6.05.2021 19:00;23,32;196,19;26,48;32,42;81,14
6.05.2021 20:00;21,94;178,6;24,14;27,29;78,72
6.05.2021 21:00;22,55;135,95;20,64;24,29;76,51
6.05.2021 22:00;18,75;134,74;27,82;31,37;64,05
6.05.2021 23:00;13,79;174,66;35,58;38,87;54,05
7.05.2021 00:00;12,24;180,84;38,75;43,77;51,88
7.05.2021 01:00;15,99;339,76;55,36;63,6;27,14
7.05.2021 02:00;14,88;280,26;39,61;43,11;38,5
7.05.2021 03:00;10,6;185,88;19,79;22,49;60,29
7.05.2021 04:00;9,11;158,17;20,28;22,97;57,71
7.05.2021 05:00;8,47;157,01;15,7;17,48;59,88
7.05.2021 06:00;7,09;124,69;16,51;18,21;58,14
7.05.2021 07:00;5,62;119,73;17,55;20,84;62,46
7.05.2021 08:00;4,74;134,23;26,51;33,28;60,1
7.05.2021 09:00;6,05;205,59;28,93;37,48;71,42
7.05.2021 10:00;6,2;205,01;23,84;31,63;82,04
7.05.2021 11:00;6,46;189,89;17,69;23,47;98,37
7.05.2021 12:00;8,21;184,72;17,11;23,33;102,81
7.05.2021 13:00;13,01;167,6;15,47;21,6;103,46
7.05.2021 14:00;13,02;164,53;14,23;18,83;109,3
7.05.2021 15:00;10,68;250,93;22,63;30,64;111,1
7.05.2021 16:00;13,63;228,82;24,84;37,1;112,47
7.05.2021 17:00;16,52;261,28;28,79;39,3;110,54
7.05.2021 18:00;14,34;249,71;40,29;59,17;102,09
7.05.2021 19:00;10,74;245,74;39,26;50,09;96,98
7.05.2021 20:00;7,74;323,76;44,33;55,14;87,54
7.05.2021 21:00;9,78;242,67;37,1;40,91;83,49
7.05.2021 22:00;9,37;346,4;39,55;42,66;70,66
7.05.2021 23:00;6,88;637,92;79,56;87,22;19,9
8.05.2021 00:00;12,11;567,9;89,67;107,49;13,46
8.05.2021 01:00;32,39;582,17;83,92;96,34;12,12
8.05.2021 02:00;33,34;338,39;50,89;54,44;39,6
8.05.2021 03:00;26,25;221,08;29;31,61;55,06
8.05.2021 04:00;29,73;169,77;23,23;27,48;63,41
8.05.2021 05:00;30,6;203,45;36,51;42,17;48,06
8.05.2021 06:00;24,17;430,14;63,8;80,05;20,17
8.05.2021 07:00;27,39;409,37;66,89;85,79;10,37
8.05.2021 08:00;46,85;427,16;69,74;97,45;14,49
8.05.2021 09:00;60,16;538,39;82,62;123,5;17,85
8.05.2021 10:00;65,52;610,13;86,11;129,31;25,47
8.05.2021 11:00;78,86;406,83;61,1;88,44;49,07
8.05.2021 12:00;83,08;221,15;24,38;31,44;87,89
8.05.2021 13:00;74,8;255,87;24,08;31,15;96,24
8.05.2021 14:00;54,6;227,07;15,3;20,68;102,26
8.05.2021 15:00;42,81;235,58;18,06;24,45;84,31
8.05.2021 16:00;38,31;189,24;20,35;26,94;76,62
8.05.2021 17:00;35,34;171,36;17,81;23,97;81,67
8.05.2021 18:00;30,8;160,48;14,37;18,66;80,79
8.05.2021 19:00;30,1;180,94;15,56;18,53;85,22
8.05.2021 20:00;31,09;205,98;30,94;38,15;73,94
8.05.2021 21:00;27,13;188,27;22,09;27,38;76,04
8.05.2021 22:00;20,23;191,75;27,89;32,79;66,4
8.05.2021 23:00;19,6;164,92;28,01;35,78;68,8
9.05.2021 00:00;26,58;285,42;54,75;64,08;25,81
9.05.2021 01:00;37,54;183,04;35,12;38,18;46,86
9.05.2021 02:00;34,25;92,46;19,1;21,79;81,37
9.05.2021 03:00;24,52;-;13,99;17,21;99,03
9.05.2021 04:00;20,28;-;10,41;12,04;95,15
9.05.2021 05:00;17,64;64,01;26,99;32,66;76,31
9.05.2021 06:00;14,97;65,36;22,53;24,65;67,82
9.05.2021 07:00;11,81;60,8;8,17;9,94;78,91
9.05.2021 08:00;23,99;118,74;19,88;24,83;67,63
9.05.2021 09:00;32,1;114,7;9,43;12,48;75,77
9.05.2021 10:00;26,15;145,27;8,67;11,78;79,3
9.05.2021 11:00;18,9;154,14;8,36;11,32;82,83
9.05.2021 12:00;17,31;179,44;8,04;11,03;82,99
9.05.2021 13:00;15,84;148,9;9,48;12,74;83,38
9.05.2021 14:00;12,41;140,36;7,8;10,53;89,32
9.05.2021 15:00;9,59;132,34;9,39;12,52;95,19
9.05.2021 16:00;7,33;114,24;10,19;13,26;102,28
9.05.2021 17:00;5,38;103,73;12,11;16,33;104,26
9.05.2021 18:00;4,26;72,2;10,15;12,59;104,84
9.05.2021 19:00;3,78;52,72;10,09;11,97;104,15
9.05.2021 20:00;3,05;18,77;12,62;14,11;105,05
9.05.2021 21:00;2,29;-;13,05;16,29;99,87
9.05.2021 22:00;1,77;-;16,74;19,31;88,6
9.05.2021 23:00;1,4;-;16,54;18,76;87,34
10.05.2021 00:00;1,14;-;16,78;18,8;81,53
10.05.2021 01:00;0,98;63,89;12,9;14;77,91
10.05.2021 02:00;0,95;57,64;11,8;12,75;79,63
10.05.2021 03:00;1,1;58,43;11,56;12,51;80,11
10.05.2021 04:00;1,21;51,81;8,98;9,68;82,83
10.05.2021 05:00;1,96;57,2;13,38;14,56;80,62
10.05.2021 06:00;2,33;44,51;10,05;11,25;82,83
10.05.2021 07:00;2,33;58,46;12,63;14,44;78,73
10.05.2021 08:00;2,37;116,08;29,96;37,56;65,37
10.05.2021 09:00;2,36;161,59;30,63;43,4;71,69
10.05.2021 10:00;2,35;146,66;23,07;31,3;82,71
10.05.2021 11:00;2,33;160,83;26,85;38,71;83,22
10.05.2021 12:00;2,43;163,73;23,4;32,33;85,78
10.05.2021 13:00;3,16;162,82;22,76;31,41;94,96
10.05.2021 14:00;3,38;160,41;22,27;31,65;101,15
10.05.2021 15:00;3,16;194,97;26,41;36,56;102,85
10.05.2021 16:00;4,2;181,37;26,35;35,57;107,11
10.05.2021 17:00;9,59;139,18;26,31;34,97;107,09
10.05.2021 18:00;10,63;187,8;32,23;44,84;101,98
10.05.2021 19:00;7,95;175,66;31,34;39,07;99,31
10.05.2021 20:00;5,64;127,17;28,59;36,08;99,43
10.05.2021 21:00;3,95;81,03;21,67;25;100,19
10.05.2021 22:00;2,81;142;35,46;36,85;76,64
10.05.2021 23:00;2,05;165,42;37,39;38,68;69,92
11.05.2021 00:00;5,74;128,89;27,25;28,03;79,4
11.05.2021 01:00;7,82;241,3;40,18;42,71;58,82
11.05.2021 02:00;6,41;435,06;69,89;76,79;28,08
11.05.2021 03:00;4,82;258,33;36,61;37,96;58
11.05.2021 04:00;4,02;144,55;21,34;22,46;69,86
11.05.2021 05:00;4,53;89,93;14,6;15,69;76,73
11.05.2021 06:00;4,11;72,7;11,46;12,4;80,05
11.05.2021 07:00;3,42;82,22;16,62;19,42;73,02
11.05.2021 08:00;3,15;108,7;25,4;31,74;74,24
11.05.2021 09:00;5,32;213,39;36,42;47,31;79,44
11.05.2021 10:00;6,21;195,42;28,67;37,59;93,45
11.05.2021 11:00;6,19;146,37;18,7;23,71;108,22
11.05.2021 12:00;10,49;163,15;18,01;24,83;114,63
11.05.2021 13:00;12,85;171,61;20,41;25,69;120,3
11.05.2021 14:00;11,03;215,83;24,52;32,12;118,44
11.05.2021 15:00;8,42;226,24;26,16;34,35;117,5
11.05.2021 16:00;12,99;227,25;26,36;33,83;119,54
11.05.2021 17:00;15,81;279,4;37,74;46,49;108,11
11.05.2021 18:00;12,9;291,16;35,56;44,82;105,83
11.05.2021 19:00;9,62;307,59;36,12;45,75;96,03
11.05.2021 20:00;6,99;245,75;37,67;47,81;94,17
11.05.2021 21:00;7,85;262,72;34,89;37,14;80,1
11.05.2021 22:00;7,17;332,75;53,5;62,49;63,17
11.05.2021 23:00;5,02;416,09;61,26;64,69;38,89
12.05.2021 00:00;13,25;557,58;74,63;81,21;19,43
12.05.2021 01:00;19,76;432,52;59,39;63,24;33,27
12.05.2021 02:00;17,24;309,02;40,43;42,38;50,07
12.05.2021 03:00;14,2;208,39;25,96;27,69;60,66
12.05.2021 04:00;11,62;126,88;19,97;21,81;69,44
12.05.2021 05:00;13,63;135,01;16,86;18,89;72,98
12.05.2021 06:00;12,86;191,3;30,57;33,8;47,72
12.05.2021 07:00;9,73;236,31;34,09;41,47;45,7
12.05.2021 08:00;14,61;480,25;66,58;95,25;26,27
12.05.2021 09:00;31,46;415,73;55,61;74,07;54,25
12.05.2021 10:00;31,49;336,35;36,86;48,99;78,8
12.05.2021 11:00;29,42;238,74;22,64;30,44;98,28
12.05.2021 12:00;31,04;223,55;14,53;19,4;108,06
12.05.2021 13:00;31,22;224,56;16,89;23,51;109,86
12.05.2021 14:00;25,4;265,77;20,99;30,69;111,48
12.05.2021 15:00;18,12;267,18;20,56;28,64;110,52
12.05.2021 16:00;15,39;233,35;13,84;18,48;107,67
12.05.2021 17:00;14,26;232,88;17,78;24,96;99,65
12.05.2021 18:00;11,71;245,23;14,42;18,39;97,41
12.05.2021 19:00;8,6;238,4;16,19;19,14;95,77
12.05.2021 20:00;6,06;194,1;14,41;16,02;96,8
12.05.2021 21:00;4,24;158,33;9,74;10,77;98,05
12.05.2021 22:00;3,05;157,59;9,35;11,02;99,18
12.05.2021 23:00;2,38;147,18;10,49;12,06;100,64
13.05.2021 00:00;2,23;181,45;15,94;18,74;93,56
13.05.2021 01:00;2,34;114,69;16,6;20,55;92,95
13.05.2021 02:00;2,28;65,17;16,37;18,22;91,48
13.05.2021 03:00;2,12;53,33;11,02;11,68;95,32
13.05.2021 04:00;2,11;14,45;5,74;6,68;106,79
13.05.2021 05:00;1,96;103,46;29,3;33,55;55,2
13.05.2021 06:00;2,38;113,44;32,46;35,95;32,76
13.05.2021 07:00;4,27;146,22;23,66;27,59;38,34
13.05.2021 08:00;8,54;343,67;53,84;73,29;34,66
13.05.2021 09:00;14,88;326,44;44,29;61,53;47,61
13.05.2021 10:00;14,64;203,67;20,85;26,98;80,29
13.05.2021 11:00;16,24;155;10,31;12,71;102,45
13.05.2021 12:00;14,94;134,98;7,73;9,96;111,05
13.05.2021 13:00;15,93;123,99;7,25;9,45;112,41
13.05.2021 14:00;14,6;169,46;7,94;10,55;114,76
13.05.2021 15:00;11,11;157,97;6,95;9,3;106,14
13.05.2021 16:00;12,54;144,98;6,51;8,86;98,22
13.05.2021 17:00;11,51;126,54;7,16;10,1;91,62
13.05.2021 18:00;8,39;139,06;6,23;8,19;85,93
13.05.2021 19:00;6,57;124,08;8,37;11,02;87,68
13.05.2021 20:00;9,04;145,86;8,71;10,55;87,6
13.05.2021 21:00;11,38;147,22;8,39;9,96;87,98
13.05.2021 22:00;9,51;132,89;8,24;9,96;90,05
13.05.2021 23:00;6,65;124,7;10,06;11,77;85,47
14.05.2021 00:00;5,12;122,03;10,25;11,56;82,28
14.05.2021 01:00;9,04;203,59;35,4;42,7;53,61
14.05.2021 02:00;9,54;187,52;38,06;41,88;45,23
14.05.2021 03:00;7,11;351,33;43,82;49,48;31,93
14.05.2021 04:00;8,43;103,31;20,06;22,1;60,1
14.05.2021 05:00;8;108,31;17,82;19,61;60,02
14.05.2021 06:00;6,17;114,43;21,65;23,52;32,06
14.05.2021 07:00;6,15;93,6;20,6;25,48;29,27
14.05.2021 08:00;10,68;109,14;35,81;59,39;33,44
14.05.2021 09:00;25,49;354,77;82,27;144,61;21,78
14.05.2021 10:00;27,69;224,05;48,27;69,3;48,47
14.05.2021 11:00;29,77;135,3;15,37;20,73;84,3
14.05.2021 12:00;31,83;101,73;5,85;8,35;100,71
14.05.2021 13:00;30,1;135,83;8,26;10,92;102,46
14.05.2021 14:00;24,23;120,82;7,33;10,49;91,9
14.05.2021 15:00;17,35;87,64;6,14;8,88;79,61
14.05.2021 16:00;12,23;47,43;8,02;11,02;80,26
14.05.2021 17:00;9,14;64,64;7,44;10,75;91,88
14.05.2021 18:00;7,41;80,69;8,94;11,83;96,9
14.05.2021 19:00;5,69;65,74;7,65;9,03;89,1
14.05.2021 20:00;4,1;62,38;11,98;15,1;90,49
14.05.2021 21:00;3;80,33;12,95;15,65;92,25
14.05.2021 22:00;2,25;76,77;12,77;14,73;90,49
14.05.2021 23:00;1,77;60,2;10,1;11,87;92,03
15.05.2021 00:00;1,82;73;10,96;12,67;93,76
15.05.2021 01:00;1,95;70,97;12,67;14,48;83,92
15.05.2021 02:00;2,05;157,43;31,52;33,62;49,23
15.05.2021 03:00;2,56;256,78;45,87;52,71;29,77
15.05.2021 04:00;4,71;249,75;48,97;55,83;18,18
15.05.2021 05:00;9,81;112,34;37,22;41,1;29,35
15.05.2021 06:00;10,32;113,57;29,74;32,07;34
15.05.2021 07:00;10,96;118,88;25,54;29,31;47,69
15.05.2021 08:00;13,76;97,34;22,67;29,88;64
15.05.2021 09:00;24,57;83,55;12,6;15,96;90,32
15.05.2021 10:00;26,2;110,15;8,79;10,89;107,58
15.05.2021 11:00;23,22;121,62;8,83;10,96;114,15
15.05.2021 12:00;19,93;130,92;7,02;8,77;118,65
15.05.2021 13:00;21,16;127,93;7,36;8,95;119,3
15.05.2021 14:00;18,3;127,18;7,47;9,88;119,07
15.05.2021 15:00;12,81;129,25;7,22;9,27;120,26
15.05.2021 16:00;9,57;137,76;8,89;11,37;118,97
15.05.2021 17:00;10,04;141,89;11,64;15,64;113,98
15.05.2021 18:00;9,09;149,81;10,49;13,67;110,63
15.05.2021 19:00;6,94;125,63;11,11;13,64;100,23
15.05.2021 20:00;5,06;103,29;10,86;12,62;100,85
15.05.2021 21:00;3,6;67,12;11,62;13,34;105,23
15.05.2021 22:00;2,8;81,61;10,64;11,88;101,92
15.05.2021 23:00;2,41;77,83;11,05;12,68;100,92
16.05.2021 00:00;3,34;62,62;12,77;14,28;96,17
16.05.2021 01:00;4,39;102,23;15,61;17,33;90,56
16.05.2021 02:00;4,32;71,06;9,36;10,4;97,01
16.05.2021 03:00;3,74;178,19;40,08;43,67;40,26
16.05.2021 04:00;7,71;122,59;34,06;35,84;41,97
16.05.2021 05:00;22,06;97,28;18,64;20,68;65,02
16.05.2021 06:00;23,64;90,97;9,5;11,15;82,07
16.05.2021 07:00;17,44;73,6;6,2;7,58;90,39
16.05.2021 08:00;14,42;75,53;7,47;9,19;93,41
16.05.2021 09:00;11,98;94,31;8,83;11,84;96,35
16.05.2021 10:00;8,89;111,33;5,28;6,67;103,33
16.05.2021 11:00;8,53;125,47;5,76;7,3;108,84
16.05.2021 12:00;9,78;138,33;6,13;8,41;112,87
16.05.2021 13:00;8,65;149,06;8,45;12,04;114,41
16.05.2021 14:00;6,87;137,15;7,3;10,49;110,73
16.05.2021 15:00;5,57;130,43;9,31;12,73;111,29
16.05.2021 16:00;4,57;136,53;9,38;12,74;108,76
16.05.2021 17:00;4,99;130,32;10,27;13,53;100,85
16.05.2021 18:00;4,63;140,59;9,67;14,1;101,38
16.05.2021 19:00;4,52;142,25;10,72;14,2;99,05
16.05.2021 20:00;4,02;138,37;12,02;15,36;97,74
16.05.2021 21:00;3,18;122,25;12,48;15,74;95,9
16.05.2021 22:00;3;117,63;15,92;19,94;90,62
16.05.2021 23:00;2,82;83,52;10,07;12,04;96,02
17.05.2021 00:00;2,7;94,33;14,81;16,8;90,22
17.05.2021 01:00;2,55;58,18;12,65;14,48;91,54
17.05.2021 02:00;2,46;40,62;8,92;10,26;98,61
17.05.2021 03:00;2,35;49,68;7,29;8,73;101,28
17.05.2021 04:00;2,27;40,41;6,36;7,57;104,7
17.05.2021 05:00;2,37;80,24;11,94;14,7;93,95
17.05.2021 06:00;2,42;128,45;17,48;21,38;79,55
17.05.2021 07:00;2,4;174,49;24,13;29,95;69,12
17.05.2021 08:00;2,41;224,87;36,81;50,67;47,53
17.05.2021 09:00;3,1;443,68;48,61;75,8;52,61
17.05.2021 10:00;3,31;426,12;42,33;64,36;72,95
17.05.2021 11:00;3,14;445,12;43,97;69,29;79,86
17.05.2021 12:00;6,25;512,41;54,8;82,45;85,17
17.05.2021 13:00;10,4;699,5;52,14;86,5;96,49
17.05.2021 14:00;9,89;590,62;62,02;104;93,76
17.05.2021 15:00;14,53;615,51;70,41;106,75;89,34
17.05.2021 16:00;14,6;770,98;83,63;124,17;80,88
17.05.2021 17:00;23,09;768,79;94,4;146,48;76,32
17.05.2021 18:00;23,52;524,36;54,81;76,86;97,2
17.05.2021 19:00;21,55;666,1;72,21;96,93;80,26
17.05.2021 20:00;24,69;843,64;85,29;127,73;69,22
17.05.2021 21:00;22,57;738,34;78,82;105,58;48,97
17.05.2021 22:00;16,61;584,64;59,59;65,35;52,39
17.05.2021 23:00;16,85;547,26;70,27;75,15;31,24
18.05.2021 00:00;17,93;274,35;35,05;38,08;59,21
18.05.2021 01:00;15,16;246,7;32,52;36,88;59,26
18.05.2021 02:00;11,56;135,88;19,04;20,69;74,48
18.05.2021 03:00;8,62;86,31;8,47;9,73;89,35
18.05.2021 04:00;6,64;82,67;10,63;12,54;85,47
18.05.2021 05:00;5,29;78,06;15,25;19,34;78,58
18.05.2021 06:00;3,98;294,24;46,03;54,86;36,24
18.05.2021 07:00;6,8;405,42;56,29;72,96;23,43
18.05.2021 08:00;25,39;504,69;72,2;109,51;32,29
18.05.2021 09:00;36,95;468,47;62,03;94,61;50,86
18.05.2021 10:00;33,43;391,85;41,68;64;80,47
18.05.2021 11:00;30,79;415,44;42,93;68,32;87,82
18.05.2021 12:00;31,47;465,03;45,23;71,9;86,73
18.05.2021 13:00;26,58;422;47,39;74,22;85,05
18.05.2021 14:00;19,35;394,25;36,81;60,24;77,11
18.05.2021 15:00;13,97;414,03;45,61;73,55;70,16
18.05.2021 16:00;10,9;458,62;38,52;66,75;65,61
18.05.2021 17:00;13,6;541,51;50,82;85,51;63,61
18.05.2021 18:00;13,03;459,42;36,41;55,2;72,06
18.05.2021 19:00;9,99;403,72;44,58;63,14;69,6
18.05.2021 20:00;7,31;564,2;55,85;80,82;56,82
18.05.2021 21:00;5,12;412,08;42,43;58,2;59,28
18.05.2021 22:00;3,99;326,16;30,61;35,75;58,98
18.05.2021 23:00;3,18;243,08;16,33;20,97;72,94
19.05.2021 00:00;2,85;236,36;15,13;18,99;76,97
19.05.2021 01:00;2,78;77,03;13,42;17,22;86,44
19.05.2021 02:00;2,5;48,16;11,67;14,12;86,06
19.05.2021 03:00;2,36;34,15;9,52;11,25;86,27
19.05.2021 04:00;2,12;346,07;49,21;56,8;40,41
19.05.2021 05:00;5,34;161,3;49,05;58,53;35,92
19.05.2021 06:00;6,31;296,97;68;89,89;22,57
19.05.2021 07:00;5,12;53,07;18,82;22,48;68,73
19.05.2021 08:00;9,47;93,22;26,77;33,88;69,13
19.05.2021 09:00;15,07;260,73;37,95;53,62;66,26
19.05.2021 10:00;14,05;255,17;30,84;43,07;82,44
19.05.2021 11:00;14,69;176,94;21,96;29,23;101,22
19.05.2021 12:00;19,35;221,98;29,03;42,35;106,7
19.05.2021 13:00;24,26;189,58;27,72;38,84;115,92
19.05.2021 14:00;21,43;288,07;38,25;60,79;113,14
19.05.2021 15:00;19,21;483,08;42,31;63,82;104,75
19.05.2021 16:00;21,78;341,95;34,5;50,55;103,1
19.05.2021 17:00;25,77;400,28;52,32;81,94;94,24
19.05.2021 18:00;22,43;487,68;68,9;99,12;92,16
19.05.2021 19:00;23,45;605,25;80,07;116,96;78,58
19.05.2021 20:00;27,3;750,11;94,49;137,01;62,39
19.05.2021 21:00;24,99;761,71;106,29;132,84;34,14
19.05.2021 22:00;26,24;976,8;120,23;144,92;12,51
19.05.2021 23:00;31,08;879,71;118,39;146,66;6,27
20.05.2021 00:00;41,31;768,29;108,09;133,27;7,68
20.05.2021 01:00;44,06;541,12;81,46;89,81;12,6
20.05.2021 02:00;34,78;296,25;55,65;60,64;42,39
20.05.2021 03:00;26,04;139,47;23,67;25,73;70,74
20.05.2021 04:00;24,94;110,47;23,64;25,74;65,86
20.05.2021 05:00;23,32;105,79;17,21;19,53;67,81
20.05.2021 06:00;17,96;107,54;20,11;22,58;64,17
20.05.2021 07:00;13,26;133,59;33,55;42,56;56,66
20.05.2021 08:00;13,91;211,69;55,58;79,32;50,6
20.05.2021 09:00;24,37;502,61;71,7;107,25;54,45
20.05.2021 10:00;25,33;425,45;69,66;106,2;66,05
20.05.2021 11:00;31,16;397,73;46,6;73,31;82,17
20.05.2021 12:00;34,77;237,54;43,44;67,28;90,3
20.05.2021 13:00;30,02;149,5;39,42;60,73;93,94
20.05.2021 14:00;22,35;170,76;36,65;56,8;86,11
20.05.2021 15:00;18,13;197,3;45,04;78,28;73,33
20.05.2021 16:00;14,81;151,58;48,51;76,57;73,24
20.05.2021 17:00;19,04;147,34;38,94;61,82;75,24
20.05.2021 18:00;20;129,3;37,22;54,65;73,28
20.05.2021 19:00;20;341,13;67,62;100,68;57,97
20.05.2021 20:00;16,58;327,12;66,97;94,97;56,65
20.05.2021 21:00;15,2;247,85;51,56;64,1;51,37
20.05.2021 22:00;12,58;103,64;30,18;37,09;69,4
20.05.2021 23:00;8,81;-;24,17;29,53;72,05
21.05.2021 00:00;6,16;-;19,1;24,11;76,64
21.05.2021 01:00;4,32;87,13;18,35;24,03;79,83
21.05.2021 02:00;3,23;120,8;19,39;23,11;74,3
21.05.2021 03:00;2,83;105,3;20,71;23,82;66,11
21.05.2021 04:00;2,76;123,56;22,16;26,06;58,85
21.05.2021 05:00;2,71;149,44;24,56;29,41;51,04
21.05.2021 06:00;2,54;91,76;30,85;36,08;48,9
21.05.2021 07:00;2,44;333,75;70,22;98,64;21,03
21.05.2021 08:00;4,66;525,33;100,85;165,1;26,9
21.05.2021 09:00;11,54;634,72;94,09;154,45;41,23
21.05.2021 10:00;14,71;214,86;37,48;56,5;78,57
21.05.2021 11:00;14,66;207,99;38,56;59,65;83,43
21.05.2021 12:00;20,15;224,05;29,65;45,82;86,38
21.05.2021 13:00;29,65;233,02;26,94;43,46;80,62
21.05.2021 14:00;33,03;233,42;22,09;36,43;84,03
21.05.2021 15:00;37,8;428,63;55,17;92,75;74,76
21.05.2021 16:00;39,18;698,51;54,94;97,14;74,16
21.05.2021 17:00;37,19;423,1;46,32;73,07;75,99
21.05.2021 18:00;29,67;458,92;46,42;71,41;76,22
21.05.2021 19:00;21,31;650,23;55,83;90,54;67,32
21.05.2021 20:00;15,12;554,38;62,73;83,97;58,26
21.05.2021 21:00;11,23;417,54;45,71;59,16;67,07
21.05.2021 22:00;8,21;278,25;24,4;30,25;83,64
21.05.2021 23:00;6,99;212,21;15,57;18,8;99,89
22.05.2021 00:00;8,53;176,63;14,96;18,03;102,28
22.05.2021 01:00;12,71;68,33;13,05;15,63;106,33
22.05.2021 02:00;11,66;50,84;14,34;16,76;104,94
22.05.2021 03:00;8,16;26,15;8,29;9,58;107
22.05.2021 04:00;5,72;18,84;8,77;10,92;103,96
22.05.2021 05:00;4;16,85;7,8;10,36;100,64
22.05.2021 06:00;2,93;11,63;9,29;11,77;93,96
22.05.2021 07:00;2,37;25,98;11,46;13,02;90,79
22.05.2021 08:00;2,39;48,75;15,58;18,06;86,68
22.05.2021 09:00;2,66;69,09;19,99;24,88;92,09
22.05.2021 10:00;2,64;57,49;16,48;20,87;98,64
22.05.2021 11:00;2,4;72,64;13,74;17,28;104,31
22.05.2021 12:00;2,4;65,3;10,59;14,08;103,83
22.05.2021 13:00;3,42;105,99;10,92;13,73;101,52
22.05.2021 14:00;3,65;79,6;13,78;18,08;97,49
22.05.2021 15:00;3,46;88,69;14,51;19,91;96,05
22.05.2021 16:00;6,49;93,51;13,11;17,22;96,62
22.05.2021 17:00;9,1;94,65;13,6;17,73;97,68
22.05.2021 18:00;8,2;111,74;15,92;20,14;95,99
22.05.2021 19:00;6,14;155,55;19,45;23,15;84,66
22.05.2021 20:00;4,6;118,3;19,44;22,55;88,52
22.05.2021 21:00;10,66;91,68;15,2;17,31;89,75
22.05.2021 22:00;11,74;88,79;14,37;16,39;84,65
22.05.2021 23:00;8,55;69,17;11,11;13,09;84,16
23.05.2021 00:00;6,46;59,16;10,46;12,12;83,7
23.05.2021 01:00;4,73;46,1;9,68;12,02;80,73
23.05.2021 02:00;3,44;42,92;7,95;9,46;-
23.05.2021 03:00;2,68;41,18;10,13;12,21;81,79
23.05.2021 04:00;2,24;19,79;6,45;7,86;86,14
23.05.2021 05:00;2,13;34,2;9,87;11,5;82,6
23.05.2021 06:00;1,86;50,22;18,15;21,06;70,71
23.05.2021 07:00;1,51;74,56;18,14;20,81;67,41
23.05.2021 08:00;1,26;19,8;8,93;10,9;87,34
23.05.2021 09:00;1,07;47,99;8,19;10,77;94,14
23.05.2021 10:00;1,16;43,06;9,3;12,46;99,19
23.05.2021 11:00;1,31;68,75;9,2;12,7;102,86
23.05.2021 12:00;1,4;76,94;7,33;9,99;105,05
23.05.2021 13:00;1,42;84,57;7,36;9,36;107,19
23.05.2021 14:00;1,45;90,59;8,18;10,64;108,97
23.05.2021 15:00;1,45;89,88;7,94;10;108,03
23.05.2021 16:00;1,46;91,23;8,49;10,78;105,05
23.05.2021 17:00;1,5;84;8,94;11,24;105,91
23.05.2021 18:00;1,49;87,03;8,89;11,24;106,63
23.05.2021 19:00;1,45;72,51;10,54;12,92;106,35
23.05.2021 20:00;1,41;70,54;13,6;15,76;102,93
23.05.2021 21:00;1,37;75,51;19,46;21,46;94,46
23.05.2021 22:00;1,33;169,32;41,12;44,05;64,66
23.05.2021 23:00;1,29;108,76;35,27;39,41;73,85
24.05.2021 00:00;1,25;34,85;19,93;21,28;94,24
24.05.2021 01:00;1,25;131,31;32,14;36,15;63,34
24.05.2021 02:00;1,25;110,5;15,58;18,04;75,74
24.05.2021 03:00;1,64;151,57;18,72;21,41;66,57
24.05.2021 04:00;2,2;154,08;26,01;28,55;52,14
24.05.2021 05:00;2,33;112,53;14,08;17,41;76,52
24.05.2021 06:00;2,19;233,83;33,76;39,14;54,46
24.05.2021 07:00;2,14;255,57;39,75;48,85;43,6
24.05.2021 08:00;3,47;367,23;49,38;71,63;46,33
24.05.2021 09:00;9,03;486,34;54,12;82,29;57,62
24.05.2021 10:00;9,54;441,75;44,64;70,02;72,4
24.05.2021 11:00;7,34;493,26;44,39;64,17;71,86
24.05.2021 12:00;9,12;457,65;44,34;65,62;79,6
24.05.2021 13:00;11,54;469,74;45,77;67,68;81,51
24.05.2021 14:00;10,32;501,79;50,25;73,58;83,33
24.05.2021 15:00;8,02;711,87;63,71;102,48;78,31
24.05.2021 16:00;9,26;811,56;76,04;123,68;75,21
24.05.2021 17:00;16,65;790,98;74,07;112,82;72,77
24.05.2021 18:00;16,22;820,77;84,57;133,58;66,06
24.05.2021 19:00;14,16;821,31;62,15;90,47;71,97
24.05.2021 20:00;12,23;1.075,06;99,69;144,98;43,64
24.05.2021 21:00;19,78;1.084,37;105,55;126,94;20,31
24.05.2021 22:00;25,5;831,43;99,93;121,46;13
24.05.2021 23:00;24,92;522,3;60,64;64,66;33,71
25.05.2021 00:00;23,17;535,03;68,96;77,06;27,95
25.05.2021 01:00;22,11;599,39;92,42;115,8;7,29
25.05.2021 02:00;21,9;395,38;76,67;89,11;13,16
25.05.2021 03:00;29,02;362,5;59,91;65,01;22,35
25.05.2021 04:00;27,21;221,71;30,45;33,54;46,6
25.05.2021 05:00;28,86;167,34;19,8;22,39;54,47
25.05.2021 06:00;25,67;181,38;22,63;25,37;58,01
25.05.2021 07:00;18,43;255,24;39,19;46,61;60,2
25.05.2021 08:00;19,42;264,06;37,18;46,62;70,35
25.05.2021 09:00;19,89;355,83;43,17;58,29;71,21
25.05.2021 10:00;15,64;439,74;52,39;73,3;71,42
25.05.2021 11:00;15,29;450,67;49,61;72,99;75,84
25.05.2021 12:00;16,98;430,79;44,9;64,76;82,24
25.05.2021 13:00;22,8;354,81;37,78;55,12;91,15
25.05.2021 14:00;20,7;353,17;34,78;49,89;89,73
25.05.2021 15:00;15,48;514,17;48,94;74,51;85,37
25.05.2021 16:00;17,33;513,89;63,82;96,71;85,82
25.05.2021 17:00;21,72;464,81;54,34;76,26;86,86
25.05.2021 18:00;19,2;469,31;65,38;93,38;80,36
25.05.2021 19:00;16,48;589,86;74,04;104,69;70,48
25.05.2021 20:00;14,24;745,01;100,93;140,17;49,91
25.05.2021 21:00;15,62;1.149,22;119,38;159,59;22,38
25.05.2021 22:00;20,06;721,48;111,95;132,61;8,59
25.05.2021 23:00;24,31;689,5;103,55;129,63;5,54
26.05.2021 00:00;27,07;251,57;46,16;50,92;46,95
26.05.2021 01:00;25,97;141,83;27,95;32,26;66,62
26.05.2021 02:00;20,22;156,83;20,09;23,71;74,82
26.05.2021 03:00;14,53;146,67;13,89;16,45;78,3
26.05.2021 04:00;12,03;177,11;28,52;32,46;57,75
26.05.2021 05:00;13,07;331,57;58,57;63,36;19,06
26.05.2021 06:00;11,7;200,4;35,36;40,41;47,29
26.05.2021 07:00;10,59;418,92;60,22;78,97;25,97
26.05.2021 08:00;17,21;287,07;61,84;87,13;49,03
26.05.2021 09:00;30,71;781,2;114,86;182,32;31,62
26.05.2021 10:00;39,18;561,74;80,77;116,12;56,26
26.05.2021 11:00;43,37;347,37;43,03;57,46;98,1
26.05.2021 12:00;41,39;335,48;40,46;55,64;123,91
26.05.2021 13:00;40,67;369,15;39,15;51,05;135,67
26.05.2021 14:00;38,24;363,75;35,83;45,33;147,7
26.05.2021 15:00;34,95;419,4;56,69;75,28;137,88
26.05.2021 16:00;36,23;361,31;39,96;50,46;138,49
26.05.2021 17:00;35,19;404,16;51;66,77;125,72
26.05.2021 18:00;27,47;445,81;67,46;91,19;103,15
26.05.2021 19:00;26,5;563,77;80,18;107,82;88,23
26.05.2021 20:00;24,02;761,6;111,89;155,16;56,82
26.05.2021 21:00;26,51;744,9;100,78;134,52;53,03
26.05.2021 22:00;23,19;462,86;81,09;89,14;37,76
26.05.2021 23:00;16,23;517,69;88,26;95,41;24,04
27.05.2021 00:00;26,51;978,57;118,33;154,48;6,34
27.05.2021 01:00;36,96;495,7;90,57;101,72;18,7
27.05.2021 02:00;31,5;319,93;56,47;59,49;40,25
27.05.2021 03:00;25,38;240,04;39,27;42,18;51,54
27.05.2021 04:00;22,68;110,57;17,7;19,57;70,54
27.05.2021 05:00;18,84;95,45;19,12;21,5;67,75
27.05.2021 06:00;14,49;184,78;47,69;54,99;36,71
27.05.2021 07:00;10,74;396,47;61,72;80,53;30,23
27.05.2021 08:00;19,42;208,95;47,09;58,88;58,07
27.05.2021 09:00;29,04;510,35;74,72;106,37;53,02
27.05.2021 10:00;30,04;468,16;75,9;115,93;60,91
27.05.2021 11:00;32,63;404,07;55,19;79,37;85,87
27.05.2021 12:00;32,57;422,81;48,36;65,6;87,18
27.05.2021 13:00;31,67;470,19;50,28;68,18;97,1
27.05.2021 14:00;-;-;46,73;-;-
27.05.2021 15:00;20,58;521,27;67,02;96,67;87,45
27.05.2021 16:00;21,49;741,03;80,17;113,13;68,78
27.05.2021 17:00;19,97;529,34;55,09;78,62;84,05
27.05.2021 18:00;15,63;460,17;56,72;76,61;82,49
27.05.2021 19:00;14,31;672,03;63,26;73,82;71,97
27.05.2021 20:00;21,68;567,97;59,48;78,76;73,25
27.05.2021 21:00;27,83;394,6;34,08;42,32;83,89
27.05.2021 22:00;23,62;371,77;40,77;47,2;68,56
27.05.2021 23:00;17,14;346,59;31,37;38,61;70,89
28.05.2021 00:00;12,88;303,53;27,17;35,46;74,11
28.05.2021 01:00;11,13;250,81;33,08;38,65;70,38
28.05.2021 02:00;9,2;271,33;48,58;60,42;49,73
28.05.2021 03:00;6,88;256,42;41,38;47,75;45,07
28.05.2021 04:00;14,54;291,19;46,72;54,59;30,74
28.05.2021 05:00;23,25;205,17;24,92;30,83;51,66
28.05.2021 06:00;20,76;139,96;21,78;25,97;57,93
28.05.2021 07:00;14,89;193,68;29,94;37,64;58,72
28.05.2021 08:00;11,09;313,29;52,38;76,13;49,76
28.05.2021 09:00;11,53;380,3;53,93;76,73;70,28
28.05.2021 10:00;9,89;371,47;43,51;62,37;93,05
28.05.2021 11:00;6,92;355,96;41,32;57,82;101,92
28.05.2021 12:00;7,14;316,41;33,15;47,01;108,33
28.05.2021 13:00;14,73;321,79;33,6;48,25;108,16
28.05.2021 14:00;15,04;409,07;37,5;59,1;99,58
28.05.2021 15:00;13,2;623,28;58,29;91,61;86,89
28.05.2021 16:00;17,61;314,98;67,32;116,64;79,03
28.05.2021 17:00;19,5;297,97;37,97;54,66;84,27
28.05.2021 18:00;18,25;323,91;41,14;61,68;76,92
28.05.2021 19:00;16,69;438,2;50,2;68,81;72,97
28.05.2021 20:00;18,64;425,55;56,66;72,24;64,55
28.05.2021 21:00;21,75;311,33;42,2;51,01;70,57
28.05.2021 22:00;18,46;155,52;23,32;28,5;81,6
28.05.2021 23:00;13,17;110,19;16,57;21,34;86,63
29.05.2021 00:00;12,2;110,84;18,9;24,59;78,74
29.05.2021 01:00;18,2;79,01;8,13;11,14;84,13
29.05.2021 02:00;16,95;45,42;7,83;9,8;86,24
29.05.2021 03:00;14,79;98,27;8,23;10,05;91,56
29.05.2021 04:00;24,31;149,66;7,47;9,16;101,28
29.05.2021 05:00;32,92;127,1;6,9;8,57;104,59
29.05.2021 06:00;28,59;128,79;8,62;10,47;102,99
29.05.2021 07:00;21,47;137,5;11,88;14,5;100,24
29.05.2021 08:00;18,13;170,53;16,94;20,47;96,42
29.05.2021 09:00;16,78;183,36;23,72;28,53;88,54
29.05.2021 10:00;13,36;163,71;16,07;19,83;97,95
29.05.2021 11:00;9,45;150,64;15,63;20,15;101,32
29.05.2021 12:00;6,68;155,8;12,79;16,21;104,69
29.05.2021 13:00;-;-;-;-;-
29.05.2021 14:00;11,96;146,53;12,69;16,43;110,32
29.05.2021 15:00;9,14;171,99;13,68;17,94;110,35
29.05.2021 16:00;12,76;161,2;14,54;18,05;111,47
29.05.2021 17:00;12,25;155,5;14,52;18,34;112,32
29.05.2021 18:00;9,14;168,48;17,09;21,51;110,1
29.05.2021 19:00;6,72;170,19;20,16;23,53;106,26
29.05.2021 20:00;4,75;189,7;20,41;24,81;101,77
29.05.2021 21:00;3,38;185,47;23,47;26,83;94,74
29.05.2021 22:00;2,47;182,87;24,18;28,67;85,28
29.05.2021 23:00;1,86;131,42;22,32;25,8;81,8
30.05.2021 00:00;1,66;107,01;20,08;22,22;81,13
30.05.2021 01:00;3,17;93,48;18,5;21,96;79,39
30.05.2021 02:00;3,7;36,35;13,12;15,47;85,7
30.05.2021 03:00;3,6;31,64;8,46;9,48;88,39
30.05.2021 04:00;3,35;27,47;8,28;9,32;85,98
30.05.2021 05:00;3,05;24,39;8,67;9,62;75,8
30.05.2021 06:00;2,77;39,67;9,6;10,7;70,89
30.05.2021 07:00;2,53;-;8,77;-;-
30.05.2021 08:00;2,36;56,39;11,45;14,1;80,05
30.05.2021 09:00;2,26;157,69;18,04;23,17;87,32
30.05.2021 10:00;2,21;107,13;11,61;14,72;99,74
30.05.2021 11:00;2,36;100,93;8,05;10,37;107,93
30.05.2021 12:00;2,42;114,76;9,6;12,99;111,72
30.05.2021 13:00;2,82;122,41;10,4;13,55;114,58
30.05.2021 14:00;2,98;139,31;11,28;14,68;118,2
30.05.2021 15:00;2,94;144,35;9,74;12,59;121,41
30.05.2021 16:00;4,71;183,91;13,72;17,4;120,79
30.05.2021 17:00;5,61;137,58;12,26;15,54;117,79
30.05.2021 18:00;5,11;133,11;14,82;17,51;115
30.05.2021 19:00;4,15;128,98;12,82;16,58;109,48
30.05.2021 20:00;3,09;136,84;17,46;20,91;103,79
30.05.2021 21:00;4,51;121,2;13,79;16,62;101,57
30.05.2021 22:00;5,39;111,4;12,58;14,94;99,82
30.05.2021 23:00;5;127,83;17,07;20,4;98,68
31.05.2021 00:00;7,09;75,95;12,13;14,08;98,34
31.05.2021 01:00;8,17;74,19;13,98;15,53;90,88
31.05.2021 02:00;7,28;142,99;18,39;20,68;71,5
31.05.2021 03:00;9,74;148,63;20,88;24,84;61,39
31.05.2021 04:00;16,95;161,89;19,14;21,5;63,66
31.05.2021 05:00;23,64;153,47;16,61;20,47;64,83
31.05.2021 06:00;20,88;167,91;17,98;20,84;69,5
31.05.2021 07:00;17,62;350,71;43,65;52,28;41,2
31.05.2021 08:00;22,45;420,86;53,14;72,19;45,34
31.05.2021 09:00;31,34;597,9;75,01;113,93;48,41
31.05.2021 10:00;27,72;530,68;56,59;85,25;66,87
31.05.2021 11:00;20,63;444,23;55,42;76,8;77,66
31.05.2021 12:00;21,65;393,96;43,95;64,53;96,22
31.05.2021 13:00;25,08;498,86;54,51;84,46;96,03
31.05.2021 14:00;20,98;470,69;59,25;92,95;92,44
31.05.2021 15:00;15,93;780,32;73,2;114,21;82,53
31.05.2021 16:00;18,99;386,68;51,42;78,44;83,95
31.05.2021 17:00;22,74;505,59;55;83,1;55,4
31.05.2021 18:00;20,58;954,13;82,58;124,64;31,5
31.05.2021 19:00;24,65;413,55;55,2;76,82;54,17
31.05.2021 20:00;24,01;403,08;52,59;68,23;51,43
31.05.2021 21:00;23,93;486,94;52,77;64,24;48,46
31.05.2021 22:00;20,88;240,35;27,52;35,68;68,99
31.05.2021 23:00;23,94;237,99;27,93;35,38;63,73
1.06.2021 00:00;26,3;382,69;58,43;74,57;34,34
1.06.2021 01:00;29,52;318,4;51,44;79,25;39,62
1.06.2021 02:00;25,27;440,72;60,17;73,77;18,52
1.06.2021 03:00;25,72;736,77;53,84;65,78;19,73
1.06.2021 04:00;26;288,83;31,59;38,44;28,13
1.06.2021 05:00;30,38;213,7;23,71;29,96;32,25
1.06.2021 06:00;27,04;208,31;26,19;32,35;29
1.06.2021 07:00;24,68;216,23;34,47;45,47;32,44
1.06.2021 08:00;29,94;368,24;45,61;62,91;38,37
1.06.2021 09:00;37,46;595,38;66,32;104,11;44,28
1.06.2021 10:00;32,42;474,39;52,78;79,05;62,07
1.06.2021 11:00;28,54;358,46;38,2;58,11;75,4
1.06.2021 12:00;29,95;250,96;29,65;46,43;83,13
1.06.2021 13:00;25,72;192,44;24,71;37,99;91,16
1.06.2021 14:00;19,11;264,76;42,64;68,16;84,91
1.06.2021 15:00;13,74;425,25;66,36;108,27;73,12
1.06.2021 16:00;12,28;360,83;47,52;70,59;74,37
1.06.2021 17:00;13,68;217,78;27,4;37,73;85,75
1.06.2021 18:00;11,5;257,89;42,02;59,81;86,9
1.06.2021 19:00;8,55;508,3;71,8;104,9;59,35
1.06.2021 20:00;6,41;419,55;56,93;75,04;66,21
1.06.2021 21:00;7,72;471,36;67,54;83,73;44,49
1.06.2021 22:00;7,28;465,9;55,7;68,64;47,97
1.06.2021 23:00;5,32;387,79;58,33;68,64;36,01
2.06.2021 00:00;10,95;530,36;72,66;88,23;20,32
2.06.2021 01:00;14,05;826,18;82,71;100,83;9,62
2.06.2021 02:00;11,89;534;60,24;71,25;23,21
2.06.2021 03:00;12,6;207,35;33,1;43,41;41,49
2.06.2021 04:00;16,44;-;22,5;-;-
2.06.2021 05:00;-;-;-;-;-
2.06.2021 06:00;12,13;120,85;21,2;27,48;40,88
2.06.2021 07:00;8,82;135,45;32,17;41,09;35,98
2.06.2021 08:00;6,72;-;-;-;-
2.06.2021 09:00;10,42;450,14;65,35;98,9;45,75
2.06.2021 10:00;10,54;446,28;62,13;99,64;56,12
2.06.2021 11:00;12,06;316;46,68;67,57;71,35
2.06.2021 12:00;5,3;265,97;34,7;50,37;82,52
2.06.2021 13:00;6,21;356,21;49,21;71;79,85
2.06.2021 14:00;13,1;267,64;39,28;55,11;88,34
2.06.2021 15:00;18,07;202,26;30,14;42,57;95,7
2.06.2021 16:00;17,43;192,1;29,13;40,82;91,92
2.06.2021 17:00;12,61;193,07;27,75;36,45;89,95
2.06.2021 18:00;9,49;190,74;32,93;44,76;84,81
2.06.2021 19:00;7,41;307,34;50,14;64,88;72,04
2.06.2021 20:00;5,51;458,99;59,23;78,67;66,82
2.06.2021 21:00;3,91;412;58,56;71,37;60,5
2.06.2021 22:00;2,85;367,33;52,1;61,66;61,01
2.06.2021 23:00;5,11;90,68;25,98;30,56;75,39
3.06.2021 00:00;14,05;53,49;23,59;29,42;69,39
3.06.2021 01:00;16,55;250,51;26,68;31,09;54,54
3.06.2021 02:00;12,38;90,88;17,59;20,09;59,01
3.06.2021 03:00;9,47;78,49;16,96;19,04;53,61
3.06.2021 04:00;7,42;78,97;14,54;16,26;50,39
3.06.2021 05:00;5,54;59,9;9,62;11,38;56,76
3.06.2021 06:00;3,93;61,35;12,63;15,02;46,95
3.06.2021 07:00;2,87;220,04;42,41;57,78;24,23
3.06.2021 08:00;4,9;239;42,24;67,23;34,02
3.06.2021 09:00;6,32;-;-;-;-
3.06.2021 10:00;8,94;360,98;46,74;75,45;48,57
3.06.2021 11:00;14,24;322,29;42,49;62,79;59,04
3.06.2021 12:00;14,98;305,05;40,89;60,63;72,34
3.06.2021 13:00;11,97;358,22;39,94;56,2;83,08
3.06.2021 14:00;13,79;400,57;45,3;63,57;102,67
3.06.2021 15:00;18,42;470,06;51,18;70,24;104,26
3.06.2021 16:00;27,21;564,03;49,01;66,29;84,61
3.06.2021 17:00;27,61;636,01;74;105,79;58,03
3.06.2021 18:00;21,56;556,42;70,52;101,07;61,95
3.06.2021 19:00;17,92;751,5;80,29;114,49;51,88
3.06.2021 20:00;18,24;781,63;94,94;127,91;36,17
3.06.2021 21:00;16,44;447,43;51,69;63,04;59,94
3.06.2021 22:00;15,39;356,01;38,41;47,54;62,96
3.06.2021 23:00;14,01;173,21;26,37;30;67,51
4.06.2021 00:00;12,55;96,26;20,46;23,45;68,56
4.06.2021 01:00;11,21;69,27;18,39;21,05;67,9
4.06.2021 02:00;8,36;60,81;14,79;17,41;73,13
4.06.2021 03:00;7,1;37,72;13,44;15,89;68,34
4.06.2021 04:00;9,02;160,66;43,67;51,47;34,48
4.06.2021 05:00;9,2;150,38;39,7;44,77;31,89
4.06.2021 06:00;7,03;153,56;36,87;42,21;32,36
4.06.2021 07:00;5,86;149,21;38,3;52,63;43,88
4.06.2021 08:00;11,49;218,1;47,39;68,58;36,52
4.06.2021 09:00;13,44;308,55;40,46;57,63;50,33
4.06.2021 10:00;11,4;462,91;61,27;92,13;45,34
4.06.2021 11:00;21,58;310,51;41,62;62,42;66,45
4.06.2021 12:00;28,46;289,83;38,22;57,39;71,68
4.06.2021 13:00;23,28;296,59;33,7;51,66;76,07
4.06.2021 14:00;16,89;332,09;35,54;52,04;76
4.06.2021 15:00;17,32;408,52;57,07;89,2;67,67
4.06.2021 16:00;22,42;645,91;62,51;95,1;62,57
4.06.2021 17:00;20,57;716,49;59,38;84,76;64,36
4.06.2021 18:00;14,6;606,32;67,78;97,78;57,64
4.06.2021 19:00;12,4;749,94;63,81;84,91;53,86
4.06.2021 20:00;14,57;603,85;66,68;90,2;48,11
4.06.2021 21:00;13,78;316,75;38,72;47;64,18
4.06.2021 22:00;11,57;335,91;39,19;49,84;62,54
4.06.2021 23:00;9,73;174,13;26,56;30,63;65,8
5.06.2021 00:00;11,07;81,04;26,38;29,86;62,97
5.06.2021 01:00;11,45;70,91;19,52;23,56;59,64
5.06.2021 02:00;8,76;61,62;14,47;16,38;60,16
5.06.2021 03:00;7,74;45,57;11,77;13,13;63,2
5.06.2021 04:00;8,1;40,28;13,16;16,37;64,76
5.06.2021 05:00;7,47;75,9;15,37;17,97;58,25
5.06.2021 06:00;6,03;78,75;21,41;24,63;54,32
5.06.2021 07:00;4,94;84,68;24,29;30,16;51,69
5.06.2021 08:00;5,77;143,89;28,68;39,1;60,56
5.06.2021 09:00;5,82;235,61;33,74;48,42;59,65
5.06.2021 10:00;5,6;184,61;31,58;46,26;63,86
5.06.2021 11:00;6,63;255,44;34,02;50,68;66,83
5.06.2021 12:00;10,73;287,72;35,22;52,15;65,75
5.06.2021 13:00;11,78;359,87;48,59;74,51;63,32
5.06.2021 14:00;8,83;474,26;53,34;88,83;61,7
5.06.2021 15:00;8,88;-;41,8;-;-
5.06.2021 16:00;11,25;436,66;58,4;88,55;61,2
5.06.2021 17:00;14,91;481,97;38,26;53,78;71,04
5.06.2021 18:00;18,78;538,84;58,27;82,74;63,24
5.06.2021 19:00;20,9;687,75;69,06;93,93;53,6
5.06.2021 20:00;22,37;638,19;71,53;96,59;49,08
5.06.2021 21:00;19,5;651,1;55,32;65,17;53,86
5.06.2021 22:00;20,72;301,18;43,46;51,15;62,78
5.06.2021 23:00;20,92;97,48;29,2;33,8;75,06
6.06.2021 00:00;19,42;30,72;16,72;19,5;77,04
6.06.2021 01:00;17;90,33;16,99;19,36;65,25
6.06.2021 02:00;12,74;80,31;15,28;16,72;61,91
6.06.2021 03:00;10,84;69,88;10,09;11,27;66,16
6.06.2021 04:00;10,72;55,15;7,63;8,57;68,01
6.06.2021 05:00;9,35;60,91;9,51;10,73;65,22
6.06.2021 06:00;7,32;82,09;12,79;13,86;55,93
6.06.2021 07:00;5,72;67,55;12,4;13,94;52,64
6.06.2021 08:00;4,62;66,45;12,42;15,43;67,4
6.06.2021 09:00;4,09;141,02;16,65;22,11;69,95
6.06.2021 10:00;3,8;271,6;25,7;33,7;66,67
6.06.2021 11:00;3,44;158,3;14,24;18,48;85,62
6.06.2021 12:00;2,84;124;12,66;16,39;94,54
6.06.2021 13:00;2,53;159,94;14,08;17,9;99,17
6.06.2021 14:00;2,53;143,79;16,27;20,53;103,53
6.06.2021 15:00;2,39;147,26;14,93;20,33;105,73
6.06.2021 16:00;3,44;160,17;16,94;21,24;107,12
6.06.2021 17:00;4,1;186,42;16,82;20,73;109,21
6.06.2021 18:00;3,8;179,28;18,49;22,64;106,47
6.06.2021 19:00;3,61;160,4;23,64;28,4;99,91
6.06.2021 20:00;3,43;148,31;21,12;25,59;103,92
6.06.2021 21:00;3,26;131,45;37,49;40,06;84,12
6.06.2021 22:00;3,15;316,68;60,16;63,69;46,85
6.06.2021 23:00;3,52;553,26;93,99;110,33;-
7.06.2021 00:00;4,75;614,31;96,54;108,45;-
7.06.2021 01:00;7,75;551,14;80,13;93,39;-
7.06.2021 02:00;8,73;204,03;29,51;31,64;54,07
7.06.2021 03:00;8,1;128,27;17,88;20,34;67,29
7.06.2021 04:00;10,57;124,34;16,78;20,52;72,5
7.06.2021 05:00;10,56;110,6;17,65;19,67;66,05
7.06.2021 06:00;8,01;91,16;15,7;17,81;73,66
7.06.2021 07:00;6,47;291,67;50,19;65,97;46,88
7.06.2021 08:00;12,1;506,63;87,33;132,29;26,03
7.06.2021 09:00;22,51;740,16;109,36;174,51;31,77
7.06.2021 10:00;28,87;540,39;76,35;116,85;57,76
7.06.2021 11:00;35,75;362,17;42,57;63,18;94,26
7.06.2021 12:00;36,27;354,98;39,93;55,51;100,41
7.06.2021 13:00;27,98;411,09;48,58;71,17;106,33
7.06.2021 14:00;19,92;393,27;56,59;83,6;115,39
7.06.2021 15:00;20,91;611,77;71,79;103,93;113,23
7.06.2021 16:00;29,84;-;45,91;-;-
7.06.2021 17:00;29,4;528,95;58,97;83;114,94
7.06.2021 18:00;24,85;-;-;-;-
7.06.2021 19:00;24,96;795,27;74,85;100,41;85,64
7.06.2021 20:00;25,39;795,78;99,03;136,64;59,08
7.06.2021 21:00;21,05;903,41;92,65;109,34;45,99
7.06.2021 22:00;16,87;891,62;105,11;131,28;28,66
7.06.2021 23:00;26,72;605,98;98,47;111,16;17,56
8.06.2021 00:00;36,17;497,52;79,4;87,3;26,45
8.06.2021 01:00;30,72;297,47;53,16;56,39;46,74
8.06.2021 02:00;21,48;178,48;23,73;26,2;74,56
8.06.2021 03:00;15,41;146,64;14,45;16,59;82,15
8.06.2021 04:00;14,4;131,84;12,29;14,06;83,5
8.06.2021 05:00;13,01;125,14;13,12;15,27;79,12
8.06.2021 06:00;9,65;104,32;19,71;22,17;70,37
8.06.2021 07:00;7,08;273,3;53,71;71,56;44,66
8.06.2021 08:00;14,23;450,03;84,57;121,55;33,44
8.06.2021 09:00;17,36;699,27;109,78;166,05;28,69
8.06.2021 10:00;26,77;614,02;90,63;135,41;57,27
8.06.2021 11:00;40,01;405,6;54,45;77,45;87,27
8.06.2021 12:00;40,3;405,79;44,02;62,32;101,26
8.06.2021 13:00;32;431,68;43,48;63,05;111,19
8.06.2021 14:00;23,86;480,59;47,72;68,3;105,81
8.06.2021 15:00;27,48;559,23;65,26;85,71;82,31
8.06.2021 16:00;34,17;468,52;52,54;76,73;84,03
8.06.2021 17:00;30,15;512,12;50,03;72,43;85,59
8.06.2021 18:00;25,21;447,31;41,65;56,17;86,8
8.06.2021 19:00;38,3;720,24;63,95;88,58;68,81
8.06.2021 20:00;50,51;868,56;86,61;113,43;34,38
8.06.2021 21:00;47,83;559,95;37,65;46,35;65,56
8.06.2021 22:00;40,21;678,26;42,2;51,13;57,92
8.06.2021 23:00;35,28;463,66;34,39;41,66;53,22
9.06.2021 00:00;30,26;437,08;27,31;33,61;53,03
9.06.2021 01:00;22,98;304,52;37,36;44,98;39,88
9.06.2021 02:00;16,66;227,4;25,93;32,23;51,32
9.06.2021 03:00;12,2;182,56;15,72;20,56;54,88
9.06.2021 04:00;9,11;153,99;15,74;20,8;56,48
9.06.2021 05:00;7,19;160,27;21,24;27,34;45,27
9.06.2021 06:00;5,66;190,68;20,98;24,61;24,97
9.06.2021 07:00;4,57;332,99;43,97;60,39;10,29
9.06.2021 08:00;16,48;515,35;62,84;98,46;16,23
9.06.2021 09:00;29,27;710,13;74,64;118,74;23,33
9.06.2021 10:00;36,92;644,75;71,81;105;39,1
9.06.2021 11:00;43,25;599,07;70,29;102,34;65,81
9.06.2021 12:00;44,26;365,13;37,83;55,78;89,46
9.06.2021 13:00;36,23;358,02;36,54;49,49;94,5
9.06.2021 14:00;29,1;420,72;40,56;59,47;98,94
9.06.2021 15:00;26,49;620,09;70,19;103,01;86,14
9.06.2021 16:00;26,39;498,45;65,91;91,98;94,01
9.06.2021 17:00;22,6;720,55;73,86;97,91;78,69
9.06.2021 18:00;22,23;702,19;78,63;101,81;64,57
9.06.2021 19:00;28,96;724,07;72,96;92,54;53,04
9.06.2021 20:00;35,44;700,17;71,77;89,99;35,07
9.06.2021 21:00;35,99;640,65;57,33;73;41,58
9.06.2021 22:00;31,98;352,33;44,16;61,32;66,17
9.06.2021 23:00;27,28;325,16;27,94;35,59;65,2
10.06.2021 00:00;24,8;209,86;19,96;25,35;71,63
10.06.2021 01:00;20,42;280,29;33,52;41,05;54,66
10.06.2021 02:00;16,11;276,66;27,23;32,69;53,8
10.06.2021 03:00;12,95;189,25;17,91;22,95;58,49
10.06.2021 04:00;11,81;179,94;18,24;22,69;61,29
10.06.2021 05:00;10,22;302,35;29,52;35,35;40,83
10.06.2021 06:00;10,15;287,08;36,41;41,7;26,34
10.06.2021 07:00;9,78;289,4;39,79;49,88;29,61
10.06.2021 08:00;20,35;412,77;53,23;72,93;36,69
10.06.2021 09:00;23,66;658,38;79,34;116,03;34,89
10.06.2021 10:00;20,1;552,84;65,38;93,84;42,43
10.06.2021 11:00;24,53;407,27;45,08;60,61;66,9
10.06.2021 12:00;-;-;35,88;-;-
10.06.2021 13:00;21,88;375,59;41,58;61,84;96,57
10.06.2021 14:00;16,99;535,85;54,2;74,4;74,85
10.06.2021 15:00;16,27;348,33;42,02;54,35;73,45
10.06.2021 16:00;14,48;413,91;55,47;73,64;65,75
10.06.2021 17:00;10,49;975,46;99,43;147,27;46,13
10.06.2021 18:00;11,98;565,44;63,93;86,9;56,29
10.06.2021 19:00;11,67;727,42;75,56;103,73;46,15
10.06.2021 20:00;11,07;757,56;71,54;100,79;45,46
10.06.2021 21:00;10,07;520,37;51,04;63,84;53,97
10.06.2021 22:00;8,07;598,35;45,63;60,25;64,66
10.06.2021 23:00;8,15;320,78;44,55;56,74;61,33
11.06.2021 00:00;10,57;514,78;74,85;92,17;27,08
11.06.2021 01:00;10,46;667,79;99,92;135,29;-
11.06.2021 02:00;15,49;312,48;50,14;60,15;12,32
11.06.2021 03:00;21,02;258,48;32,78;38,22;25,05
11.06.2021 04:00;22,41;264,97;39,2;46,52;16,6
11.06.2021 05:00;19,3;277,92;44,26;53,84;11,84
11.06.2021 06:00;15,85;337,06;48,9;63,47;5,7
11.06.2021 07:00;18,91;470,99;64,22;100,74;8,82
11.06.2021 08:00;27,23;571,58;76,42;123,05;18,92
11.06.2021 09:00;29,55;589,23;62,68;97,53;43,42
11.06.2021 10:00;26,09;546,98;65,19;100,21;57,43
11.06.2021 11:00;28,47;462,12;49,41;73,33;79,42
11.06.2021 12:00;30,45;396,59;37,05;55,11;93,9
11.06.2021 13:00;25,09;451,68;41,89;65,06;103,34
11.06.2021 14:00;18,01;-;32,9;-;-
11.06.2021 15:00;17,84;679,59;86,84;144,35;85,48
11.06.2021 16:00;16,84;465,26;57,57;87,26;101,17
11.06.2021 17:00;12,54;501,85;35,02;45,42;102,01
11.06.2021 18:00;9,16;551,24;50,4;59,14;88,55
11.06.2021 19:00;14,66;760,87;65,41;85,24;56,99
11.06.2021 20:00;19,15;734,76;66,8;87,75;47,95
11.06.2021 21:00;16,15;675,36;52,49;62,8;53,27
11.06.2021 22:00;11,93;957,4;78,46;106,02;31,3
11.06.2021 23:00;14,4;545,08;56,08;72,2;35,55
12.06.2021 00:00;23,53;446,92;34,87;44,42;48,71
12.06.2021 01:00;23,54;316,39;29,07;37,09;47,43
12.06.2021 02:00;16,94;392,02;37,26;47,87;27,7
12.06.2021 03:00;15,08;264,25;25,71;30,07;33,6
12.06.2021 04:00;15,06;311,71;40,97;50,82;14,98
12.06.2021 05:00;12,62;329,74;32,2;37,49;19,22
12.06.2021 06:00;16,16;383,9;46,62;57,52;5
12.06.2021 07:00;24,01;358,48;41,64;59,07;27,36
12.06.2021 08:00;27,18;376,85;39,57;56,19;45,75
12.06.2021 09:00;26,95;400,48;41,92;60,47;55,44
12.06.2021 10:00;26,91;320,66;31,2;46,45;70,77
12.06.2021 11:00;24,71;315,82;31,26;45,6;85,47
12.06.2021 12:00;24,63;349,74;28,34;42,1;100,61
12.06.2021 13:00;22,04;419,43;38,7;51,6;99,74
12.06.2021 14:00;15,98;472,75;47,78;62,4;86,41
12.06.2021 15:00;16,08;619,53;50,06;64,44;92,58
12.06.2021 16:00;17,44;513,88;56,76;66,98;83,16
12.06.2021 17:00;14,53;554,68;48,63;66,36;92,75
12.06.2021 18:00;10,99;-;64,71;-;-
12.06.2021 19:00;8,25;856,52;92,66;134,66;67,77
12.06.2021 20:00;-;-;-;-;-
12.06.2021 21:00;15,02;-;34,46;-;-
12.06.2021 22:00;14,11;558,47;49,07;58,03;63,07
12.06.2021 23:00;12,91;361,89;40,27;47,1;70,63
13.06.2021 00:00;10,87;411,56;46,73;53,88;49,45
13.06.2021 01:00;8,88;254,57;32,48;39,75;65,91
13.06.2021 02:00;6,63;224,16;37,32;46,94;54,27
13.06.2021 03:00;6,23;198,44;24,59;31,1;61,12
13.06.2021 04:00;6,83;144,07;20,96;26,57;59,25
13.06.2021 05:00;6,34;211,22;25,66;32,62;39,34
13.06.2021 06:00;5,01;240,14;37,03;44,19;20,61
13.06.2021 07:00;3,8;217,14;31,06;38,29;22,86
13.06.2021 08:00;11,07;212,37;34,66;45,6;47,14
13.06.2021 09:00;14,59;172,31;20,63;26,8;77,68
13.06.2021 10:00;14,65;193,99;26,51;34,49;81,71
13.06.2021 11:00;16,04;163,35;20,44;26,32;99,4
13.06.2021 12:00;14,31;142,21;11,46;14,67;123,76
13.06.2021 13:00;11,17;131,6;11,27;15,11;135,84
13.06.2021 14:00;8,39;117,74;11,73;15,99;138,17
13.06.2021 15:00;6,2;126,52;15,25;19,51;134,42
13.06.2021 16:00;4,97;102,31;10,49;12,74;142,3
13.06.2021 17:00;4,38;100,49;11,71;13,83;145,82
13.06.2021 18:00;3,58;92,09;13,56;15,55;145,12
13.06.2021 19:00;3,15;114,24;26,82;31,48;126,83
13.06.2021 20:00;2,76;91,84;22,35;26,22;111,6
13.06.2021 21:00;2,56;153,86;31,93;35,98;96,61
13.06.2021 22:00;2,35;129,32;26,3;30,28;90,23
13.06.2021 23:00;2;70,11;20,29;23,79;86,61
14.06.2021 00:00;2;108,71;25,69;28,51;80,71
14.06.2021 01:00;2,2;215,92;23,54;26,69;79,88
14.06.2021 02:00;2,36;154,71;15,5;17,33;88,16
14.06.2021 03:00;2,48;164,53;21,61;24,85;77,43
14.06.2021 04:00;3,14;133,21;17,95;20,92;88,11
14.06.2021 05:00;3,55;160,91;19,4;23,36;80,77
14.06.2021 06:00;3,53;195,28;27,06;31,97;63,68
14.06.2021 07:00;3,44;296,71;43,92;52,4;58,48
14.06.2021 08:00;6,71;271,09;45,79;55,38;72,52
14.06.2021 09:00;8,27;411,71;53,21;71,07;65,82
14.06.2021 10:00;9,73;424,69;54,84;74,51;69,57
14.06.2021 11:00;9,91;413,89;51,26;64,44;81,4
14.06.2021 12:00;12,48;434,15;49,91;70,5;105,6
14.06.2021 13:00;12,96;404,57;46,88;72,39;110,49
14.06.2021 14:00;9,47;356,37;43,23;52,71;95,84
14.06.2021 15:00;8,08;449,23;59,31;69,12;80,72
14.06.2021 16:00;15,11;733,09;80,34;111,15;62,59
14.06.2021 17:00;17,14;761,98;56,8;80,2;72,96
14.06.2021 18:00;12,53;621,22;47,15;61,38;79,26
14.06.2021 19:00;9,06;437,98;52,02;67,8;74,09
14.06.2021 20:00;18,42;665,74;75,06;96,85;48,21
14.06.2021 21:00;21,97;825,67;84,33;113,48;36,19
14.06.2021 22:00;17,21;958,73;99,94;138,68;12,21
14.06.2021 23:00;17,31;663,66;87,23;110,23;8,91
15.06.2021 00:00;24,78;466,91;59,68;74,62;24,25
15.06.2021 01:00;24,63;-;41,95;-;-
15.06.2021 02:00;22,48;443,85;45,96;53,74;24,55
15.06.2021 03:00;19,68;262,31;31,07;36,32;40,91
15.06.2021 04:00;19,3;148,54;14,89;19,4;46,95
15.06.2021 05:00;18,06;147,36;16,4;20,38;48,4
15.06.2021 06:00;14,89;157,81;17,74;22,86;53,07
15.06.2021 07:00;15,48;220,94;25,04;34,1;49,39
15.06.2021 08:00;15,95;264,49;31,93;43,31;49,39
15.06.2021 09:00;15,65;398,89;40,9;61,21;54,51
15.06.2021 10:00;20,48;479,77;58,57;90,99;54,21
15.06.2021 11:00;-;-;-;-;-
